pair,total_return,sharpe_ratio,max_drawdown,win_rate,volatility,num_trades
LINK-ETH,0.061505930287755195,2.072103283021585,-0.10972114892481669,0.47093023255813954,0.00412002965342674,172
ADA-BTC,-0.03836028991900786,-1.0638254547296875,-0.13899703559346757,0.47761194029850745,0.004057636564207746,268
DOT-BTC,-0.2594542188122363,-7.54209337241999,-0.26991386987260246,0.46757679180887374,0.005018133747606434,293
