pair,correlation,coint_pvalue,hedge_ratio,half_life_hours,spread_std,is_cointegrated,data_points
ETH-BTC,0.9886863042567359,0.0008538840247846914,0.09676681932992702,3.276634629754547,20.71295023986959,True,100
ADA-BTC,0.9874661077351078,0.005714720707468701,2.372070258535397e-05,2.811308034564562,0.005349175156018417,True,100
ADA-ETH,0.9898979823455009,0.04437729058943134,0.00024295611855445858,4.248741708312985,0.0048052218356827246,True,100
