portfolio_return,portfolio_sharpe,max_drawdown,num_pairs
0.04847382862966754,6.815306424649764,-0.013004775899392926,3
